<?xml version="1.0" encoding="UTF-8" standalone="yes"?>
<addon id="repository.xshipstream" name="xStream and xShip Repository" version="1.0" provider-name="xStream-Team">
	<extension point="xbmc.addon.repository" name="xStream and xShip Repository">
		<dir minversion="18.9.701" maxversion="21.9.700">
            <info compressed="false">https://raw.githubusercontent.com/AzraelDX/xStreamRepo/main/repo/zips/addons.xml</info>
			<checksum verify="sha256">https://raw.githubusercontent.com/AzraelDX/xStreamRepo/refs/heads/main/repo/zips/addons.xml.sha256</checksum>
            <datadir zip="true">https://raw.githubusercontent.com/AzraelDX/xStreamRepo/main/repo/zips</datadir>
        </dir>
	</extension>	
	<extension point="xbmc.addon.metadata">
		<summary lang="de_DE">xStream and xShip Repository</summary>
		<summary lang="en_GB">xStream and xShip Repository</summary>
		<!-- <description lang="de_DE">Dies ist das offizielle xStream Repository.[CR]Bei der Bereitstellung einer neuen xStream Version, wird diese vor der Veröffentlichung auf Funktionalität geprüft. Sollten dennoch Probleme auftreten benachrichtige bitte das offizielle xStream-Team via Github oder Chat.</description>
		<description lang="de_GB">This is the official xStream repository.[CR]When a new xStream version is released, it is tested for functionality before being released. If you still encounter problems, please notify the official xStream team via Github or chat.</description>
		<disclaimer lang="de_DE">Sie können dieses Video Addon gerne verwenden. Der bereitgestellte Inhalt der Webseiten steht in keinem Bezug zu xStream oder den Entwicklern! Weitere Informationen finden Sie in unserer Wiki und FaQ.</disclaimer>
		<disclaimer lang="en_GB">You are welcome to use this video addon. The content provided on the websites has no connection to xStream or the developers! For more information, see our Wiki and FaQ.</disclaimer> -->
		<language>de en</language>
		<platform>all</platform>
		<license>GNU GENERAL PUBLIC LICENSE Version 3, 29 June 2007</license>
		<assets>
			<icon>resources/brand-icon.png</icon>
			<screenshot></screenshot>
		</assets>
	</extension>
</addon>